Step	Memory_MB	Time
Start	227.405824	2022-11-09 19:01:15
Data loaded	338.628608	2022-11-09 19:01:15
Setup data	400.584704	2022-11-09 19:01:17
Setup Network	405.737472	2022-11-09 19:01:26
Setup Tensorflow NW	564.224	2022-11-09 19:01:34
Setup Tensorflow	1145.962496	2022-11-09 19:01:55
Initiated Tensorflow	1802.399744	2022-11-09 19:01:57
Prepared Training	1804.713984	2022-11-09 19:01:57
Trained Tensorflow	2592.755712	2022-11-09 19:23:41
Loaded Best Model	2592.755712	2022-11-09 19:23:41
Tensorflow results accuracy	3000.4224	2022-11-09 19:24:32
Tensorflow numgrad 0	3077.582848	2022-11-09 19:25:00
Tensorflow numgrad 1	3218.427904	2022-11-09 19:25:49
Tensorflow numgrad 10	3218.427904	2022-11-09 19:25:49
Tensorflow numgrad 100	3218.427904	2022-11-09 19:25:50
Tensorflow numgrad 101	3218.427904	2022-11-09 19:25:50
Tensorflow numgrad 102	3218.427904	2022-11-09 19:25:50
Tensorflow numgrad 103	3218.427904	2022-11-09 19:25:50
Tensorflow numgrad 104	3218.427904	2022-11-09 19:25:50
Tensorflow numgrad 105	3218.427904	2022-11-09 19:25:50
Tensorflow numgrad 106	3218.427904	2022-11-09 19:25:50
Tensorflow numgrad 107	3218.427904	2022-11-09 19:25:50
Tensorflow numgrad 108	3218.427904	2022-11-09 19:25:50
Tensorflow numgrad 109	3218.427904	2022-11-09 19:25:50
Tensorflow numgrad 11	3218.427904	2022-11-09 19:25:50
Tensorflow numgrad 110	3218.427904	2022-11-09 19:25:50
Tensorflow numgrad 111	3218.427904	2022-11-09 19:25:51
Tensorflow numgrad 112	3218.427904	2022-11-09 19:25:51
Tensorflow numgrad 113	3218.427904	2022-11-09 19:25:51
Tensorflow numgrad 114	3218.427904	2022-11-09 19:25:51
Tensorflow numgrad 115	3218.427904	2022-11-09 19:25:51
Tensorflow numgrad 116	3218.427904	2022-11-09 19:25:51
Tensorflow numgrad 117	3218.427904	2022-11-09 19:25:51
Tensorflow numgrad 118	3218.427904	2022-11-09 19:25:51
Tensorflow numgrad 119	3218.427904	2022-11-09 19:25:51
Tensorflow numgrad 12	3218.427904	2022-11-09 19:25:51
Tensorflow numgrad 12-EthanediolEthyleneglycolConsumptionimport	3218.427904	2022-11-09 19:25:51
Tensorflow numgrad 12-EthanediolEthyleneglycolProductionexport	3218.427904	2022-11-09 19:25:51
Tensorflow numgrad 12-propanediolPropenediolPropyleneglycolR-12-propanediolR-propane-12-diolS-12-propanediolS-propane-12-diolConsumptionimport	3218.427904	2022-11-09 19:25:52
Tensorflow numgrad 12-propanediolPropenediolPropyleneglycolR-12-propanediolR-propane-12-diolS-12-propanediolS-propane-12-diolProductionexport	3218.427904	2022-11-09 19:25:52
Tensorflow numgrad 120	3218.427904	2022-11-09 19:25:52
Tensorflow numgrad 121	3218.427904	2022-11-09 19:25:52
Tensorflow numgrad 122	3218.427904	2022-11-09 19:25:52
Tensorflow numgrad 123	3218.427904	2022-11-09 19:25:52
Tensorflow numgrad 124	3218.427904	2022-11-09 19:25:52
Tensorflow numgrad 125	3218.427904	2022-11-09 19:25:52
Tensorflow numgrad 126	3218.427904	2022-11-09 19:25:52
Tensorflow numgrad 127	3218.427904	2022-11-09 19:25:52
Tensorflow numgrad 128	3218.427904	2022-11-09 19:25:52
Tensorflow numgrad 129	3218.427904	2022-11-09 19:25:53
Tensorflow numgrad 13	3218.427904	2022-11-09 19:25:53
Tensorflow numgrad 13-PropanediolConsumptionimportproductionexport	3218.427904	2022-11-09 19:25:53
Tensorflow numgrad 13-PropanediolProductionexport	3218.427904	2022-11-09 19:25:53
Tensorflow numgrad 130	3218.427904	2022-11-09 19:25:53
Tensorflow numgrad 131	3218.427904	2022-11-09 19:25:53
Tensorflow numgrad 132	3218.427904	2022-11-09 19:25:53
Tensorflow numgrad 133	3218.427904	2022-11-09 19:25:53
Tensorflow numgrad 134	3218.427904	2022-11-09 19:25:53
Tensorflow numgrad 135	3218.427904	2022-11-09 19:25:53
Tensorflow numgrad 136	3218.427904	2022-11-09 19:25:53
Tensorflow numgrad 137	3218.427904	2022-11-09 19:25:53
Tensorflow numgrad 138	3218.427904	2022-11-09 19:25:54
Tensorflow numgrad 139	3218.427904	2022-11-09 19:25:54
Tensorflow numgrad 14	3218.427904	2022-11-09 19:25:54
Tensorflow numgrad 140	3218.427904	2022-11-09 19:25:54
Tensorflow numgrad 141	3218.427904	2022-11-09 19:25:54
Tensorflow numgrad 142	3218.427904	2022-11-09 19:25:54
Tensorflow numgrad 143	3218.427904	2022-11-09 19:25:54
Tensorflow numgrad 144	3218.427904	2022-11-09 19:25:54
Tensorflow numgrad 145	3218.427904	2022-11-09 19:25:54
Tensorflow numgrad 146	3218.427904	2022-11-09 19:25:54
Tensorflow numgrad 147	3218.427904	2022-11-09 19:25:54
Tensorflow numgrad 148	3218.427904	2022-11-09 19:25:54
Tensorflow numgrad 149	3218.427904	2022-11-09 19:25:55
Tensorflow numgrad 15	3218.427904	2022-11-09 19:25:55
Tensorflow numgrad 150	3218.427904	2022-11-09 19:25:55
Tensorflow numgrad 151	3218.427904	2022-11-09 19:25:55
Tensorflow numgrad 152	3218.427904	2022-11-09 19:25:55
Tensorflow numgrad 153	3218.427904	2022-11-09 19:25:55
Tensorflow numgrad 154	3218.427904	2022-11-09 19:25:55
Tensorflow numgrad 155	3218.427904	2022-11-09 19:25:55
Tensorflow numgrad 156	3218.427904	2022-11-09 19:25:55
Tensorflow numgrad 157	3218.427904	2022-11-09 19:25:55
Tensorflow numgrad 158	3218.427904	2022-11-09 19:25:55
Tensorflow numgrad 159	3218.427904	2022-11-09 19:25:55
Tensorflow numgrad 16	3218.427904	2022-11-09 19:25:56
Tensorflow numgrad 160	3218.427904	2022-11-09 19:25:56
Tensorflow numgrad 161	3218.427904	2022-11-09 19:25:56
Tensorflow numgrad 162	3218.427904	2022-11-09 19:25:56
Tensorflow numgrad 163	3218.427904	2022-11-09 19:25:56
Tensorflow numgrad 164	3218.427904	2022-11-09 19:25:56
Tensorflow numgrad 165	3218.427904	2022-11-09 19:25:56
Tensorflow numgrad 166	3218.427904	2022-11-09 19:25:56
Tensorflow numgrad 167	3218.427904	2022-11-09 19:25:56
Tensorflow numgrad 168	3218.427904	2022-11-09 19:25:56
Tensorflow numgrad 169	3218.427904	2022-11-09 19:25:56
Tensorflow numgrad 17	3218.427904	2022-11-09 19:25:56
Tensorflow numgrad 170	3218.427904	2022-11-09 19:25:57
Tensorflow numgrad 171	3218.427904	2022-11-09 19:25:57
Tensorflow numgrad 172	3218.427904	2022-11-09 19:25:57
Tensorflow numgrad 173	3218.427904	2022-11-09 19:25:57
Tensorflow numgrad 174	3218.427904	2022-11-09 19:25:57
Tensorflow numgrad 175	3218.427904	2022-11-09 19:25:57
Tensorflow numgrad 176	3218.427904	2022-11-09 19:25:57
Tensorflow numgrad 177	3218.427904	2022-11-09 19:25:57
Tensorflow numgrad 178	3218.427904	2022-11-09 19:25:57
Tensorflow numgrad 179	3218.427904	2022-11-09 19:25:57
Tensorflow numgrad 18	3218.427904	2022-11-09 19:25:57
Tensorflow numgrad 180	3218.427904	2022-11-09 19:25:57
Tensorflow numgrad 181	3218.427904	2022-11-09 19:25:58
Tensorflow numgrad 182	3218.427904	2022-11-09 19:25:58
Tensorflow numgrad 183	3218.427904	2022-11-09 19:25:58
Tensorflow numgrad 184	3218.427904	2022-11-09 19:25:58
Tensorflow numgrad 185	3218.427904	2022-11-09 19:25:58
Tensorflow numgrad 186	3218.427904	2022-11-09 19:25:58
Tensorflow numgrad 187	3218.427904	2022-11-09 19:25:58
Tensorflow numgrad 188	3218.427904	2022-11-09 19:25:58
Tensorflow numgrad 189	3218.427904	2022-11-09 19:25:58
Tensorflow numgrad 19	3218.427904	2022-11-09 19:25:58
Tensorflow numgrad 190	3218.427904	2022-11-09 19:25:58
Tensorflow numgrad 191	3218.427904	2022-11-09 19:25:59
Tensorflow numgrad 192	3218.427904	2022-11-09 19:25:59
Tensorflow numgrad 193	3218.427904	2022-11-09 19:25:59
Tensorflow numgrad 194	3218.427904	2022-11-09 19:25:59
Tensorflow numgrad 195	3218.427904	2022-11-09 19:25:59
Tensorflow numgrad 196	3218.427904	2022-11-09 19:25:59
Tensorflow numgrad 197	3218.427904	2022-11-09 19:25:59
Tensorflow numgrad 198	3218.427904	2022-11-09 19:25:59
Tensorflow numgrad 199	3218.427904	2022-11-09 19:25:59
Tensorflow numgrad 2	3218.427904	2022-11-09 19:25:59
Tensorflow numgrad 2-Aminobutyricacid2-AminobutyrateProductionexport	3218.427904	2022-11-09 19:25:59
Tensorflow numgrad 2-OxobutyrateAlpha-ketobutyrate2-OxobutanoateConsumptionimport	3218.427904	2022-11-09 19:25:59
Tensorflow numgrad 2-OxobutyrateAlpha-ketobutyrate2-OxobutanoateProductionexport	3218.427904	2022-11-09 19:26:00
Tensorflow numgrad 2-methylbutyrate2-methylbutanoicacidConsumptionimport	3218.427904	2022-11-09 19:26:00
Tensorflow numgrad 20	3218.427904	2022-11-09 19:26:00
Tensorflow numgrad 200	3218.427904	2022-11-09 19:26:00
Tensorflow numgrad 201	3218.427904	2022-11-09 19:26:00
Tensorflow numgrad 202	3218.427904	2022-11-09 19:26:00
Tensorflow numgrad 203	3218.427904	2022-11-09 19:26:00
Tensorflow numgrad 204	3218.427904	2022-11-09 19:26:00
Tensorflow numgrad 205	3218.427904	2022-11-09 19:26:00
Tensorflow numgrad 206	3218.427904	2022-11-09 19:26:00
Tensorflow numgrad 207	3218.427904	2022-11-09 19:26:00
Tensorflow numgrad 208	3218.427904	2022-11-09 19:26:00
Tensorflow numgrad 209	3218.427904	2022-11-09 19:26:01
Tensorflow numgrad 21	3218.427904	2022-11-09 19:26:01
Tensorflow numgrad 210	3218.427904	2022-11-09 19:26:01
Tensorflow numgrad 211	3218.427904	2022-11-09 19:26:01
Tensorflow numgrad 213	3218.427904	2022-11-09 19:26:01
Tensorflow numgrad 214	3218.427904	2022-11-09 19:26:01
Tensorflow numgrad 215	3218.427904	2022-11-09 19:26:01
Tensorflow numgrad 216	3218.427904	2022-11-09 19:26:01
Tensorflow numgrad 217	3218.427904	2022-11-09 19:26:01
Tensorflow numgrad 218	3218.427904	2022-11-09 19:26:01
Tensorflow numgrad 219	3218.427904	2022-11-09 19:26:01
Tensorflow numgrad 22	3218.427904	2022-11-09 19:26:01
Tensorflow numgrad 220	3218.427904	2022-11-09 19:26:02
Tensorflow numgrad 221	3218.427904	2022-11-09 19:26:02
Tensorflow numgrad 222	3218.427904	2022-11-09 19:26:02
Tensorflow numgrad 223	3218.427904	2022-11-09 19:26:02
Tensorflow numgrad 224	3218.427904	2022-11-09 19:26:02
Tensorflow numgrad 225	3218.427904	2022-11-09 19:26:02
Tensorflow numgrad 226	3218.427904	2022-11-09 19:26:02
Tensorflow numgrad 227	3218.427904	2022-11-09 19:26:02
Tensorflow numgrad 228	3218.427904	2022-11-09 19:26:02
Tensorflow numgrad 229	3218.427904	2022-11-09 19:26:02
Tensorflow numgrad 23	3218.427904	2022-11-09 19:26:02
Tensorflow numgrad 230	3218.427904	2022-11-09 19:26:02
Tensorflow numgrad 231	3218.427904	2022-11-09 19:26:03
Tensorflow numgrad 232	3218.427904	2022-11-09 19:26:03
Tensorflow numgrad 233	3218.427904	2022-11-09 19:26:03
Tensorflow numgrad 234	3218.427904	2022-11-09 19:26:03
Tensorflow numgrad 235	3218.427904	2022-11-09 19:26:03
Tensorflow numgrad 236	3218.427904	2022-11-09 19:26:03
Tensorflow numgrad 237	3218.427904	2022-11-09 19:26:03
Tensorflow numgrad 238	3218.427904	2022-11-09 19:26:03
Tensorflow numgrad 239	3218.427904	2022-11-09 19:26:03
Tensorflow numgrad 24	3218.427904	2022-11-09 19:26:03
Tensorflow numgrad 240	3218.427904	2022-11-09 19:26:03
Tensorflow numgrad 241	3218.427904	2022-11-09 19:26:03
Tensorflow numgrad 242	3218.427904	2022-11-09 19:26:04
Tensorflow numgrad 243	3218.427904	2022-11-09 19:26:04
Tensorflow numgrad 244	3218.427904	2022-11-09 19:26:04
Tensorflow numgrad 245	3218.427904	2022-11-09 19:26:04
Tensorflow numgrad 246	3218.427904	2022-11-09 19:26:04
Tensorflow numgrad 247	3218.427904	2022-11-09 19:26:04
Tensorflow numgrad 248	3218.427904	2022-11-09 19:26:04
Tensorflow numgrad 249	3218.427904	2022-11-09 19:26:04
Tensorflow numgrad 25	3218.427904	2022-11-09 19:26:04
Tensorflow numgrad 250	3218.427904	2022-11-09 19:26:04
Tensorflow numgrad 251	3218.427904	2022-11-09 19:26:04
Tensorflow numgrad 252	3218.427904	2022-11-09 19:26:04
Tensorflow numgrad 253	3218.427904	2022-11-09 19:26:05
Tensorflow numgrad 254	3218.427904	2022-11-09 19:26:05
Tensorflow numgrad 255	3218.427904	2022-11-09 19:26:05
Tensorflow numgrad 256	3218.427904	2022-11-09 19:26:05
Tensorflow numgrad 257	3218.427904	2022-11-09 19:26:05
Tensorflow numgrad 258	3218.427904	2022-11-09 19:26:05
Tensorflow numgrad 259	3218.427904	2022-11-09 19:26:05
Tensorflow numgrad 26	3218.427904	2022-11-09 19:26:05
Tensorflow numgrad 260	3218.427904	2022-11-09 19:26:05
Tensorflow numgrad 261	3218.427904	2022-11-09 19:26:05
Tensorflow numgrad 262	3218.427904	2022-11-09 19:26:05
Tensorflow numgrad 263	3218.427904	2022-11-09 19:26:06
Tensorflow numgrad 264	3218.427904	2022-11-09 19:26:06
Tensorflow numgrad 265	3218.427904	2022-11-09 19:26:06
Tensorflow numgrad 266	3218.427904	2022-11-09 19:26:06
Tensorflow numgrad 267	3218.427904	2022-11-09 19:26:06
Tensorflow numgrad 268	3218.427904	2022-11-09 19:26:06
Tensorflow numgrad 269	3218.427904	2022-11-09 19:26:06
Tensorflow numgrad 27	3218.427904	2022-11-09 19:26:06
Tensorflow numgrad 270	3218.427904	2022-11-09 19:26:06
Tensorflow numgrad 271	3218.427904	2022-11-09 19:26:06
Tensorflow numgrad 272	3218.427904	2022-11-09 19:26:06
Tensorflow numgrad 273	3218.427904	2022-11-09 19:26:06
Tensorflow numgrad 274	3218.427904	2022-11-09 19:26:07
Tensorflow numgrad 275	3218.427904	2022-11-09 19:26:07
Tensorflow numgrad 276	3218.427904	2022-11-09 19:26:07
Tensorflow numgrad 277	3218.427904	2022-11-09 19:26:07
Tensorflow numgrad 278	3218.427904	2022-11-09 19:26:07
Tensorflow numgrad 279	3218.427904	2022-11-09 19:26:07
Tensorflow numgrad 28	3218.427904	2022-11-09 19:26:07
Tensorflow numgrad 280	3218.427904	2022-11-09 19:26:07
Tensorflow numgrad 281	3218.427904	2022-11-09 19:26:07
Tensorflow numgrad 282	3218.427904	2022-11-09 19:26:07
Tensorflow numgrad 283	3218.427904	2022-11-09 19:26:07
Tensorflow numgrad 284	3218.427904	2022-11-09 19:26:07
Tensorflow numgrad 285	3218.427904	2022-11-09 19:26:08
Tensorflow numgrad 286	3218.427904	2022-11-09 19:26:08
Tensorflow numgrad 287	3218.427904	2022-11-09 19:26:08
Tensorflow numgrad 288	3218.427904	2022-11-09 19:26:08
Tensorflow numgrad 289	3218.427904	2022-11-09 19:26:08
Tensorflow numgrad 29	3218.427904	2022-11-09 19:26:08
Tensorflow numgrad 290	3218.427904	2022-11-09 19:26:08
Tensorflow numgrad 291	3218.427904	2022-11-09 19:26:08
Tensorflow numgrad 292	3218.427904	2022-11-09 19:26:08
Tensorflow numgrad 293	3218.427904	2022-11-09 19:26:08
Tensorflow numgrad 294	3218.427904	2022-11-09 19:26:08
Tensorflow numgrad 295	3218.427904	2022-11-09 19:26:08
Tensorflow numgrad 296	3218.427904	2022-11-09 19:26:09
Tensorflow numgrad 297	3218.427904	2022-11-09 19:26:09
Tensorflow numgrad 299	3218.427904	2022-11-09 19:26:09
Tensorflow numgrad 3	3218.427904	2022-11-09 19:26:09
Tensorflow numgrad 30	3218.427904	2022-11-09 19:26:09
Tensorflow numgrad 300	3218.427904	2022-11-09 19:26:09
Tensorflow numgrad 301	3218.427904	2022-11-09 19:26:09
Tensorflow numgrad 302	3218.427904	2022-11-09 19:26:09
Tensorflow numgrad 303	3218.427904	2022-11-09 19:26:09
Tensorflow numgrad 304	3218.427904	2022-11-09 19:26:09
Tensorflow numgrad 305	3218.427904	2022-11-09 19:26:09
Tensorflow numgrad 306	3218.427904	2022-11-09 19:26:09
Tensorflow numgrad 307	3218.427904	2022-11-09 19:26:10
Tensorflow numgrad 308	3218.427904	2022-11-09 19:26:10
Tensorflow numgrad 309	3218.427904	2022-11-09 19:26:10
Tensorflow numgrad 31	3218.427904	2022-11-09 19:26:10
Tensorflow numgrad 310	3218.427904	2022-11-09 19:26:10
Tensorflow numgrad 311	3218.427904	2022-11-09 19:26:10
Tensorflow numgrad 312	3218.427904	2022-11-09 19:26:10
Tensorflow numgrad 313	3218.427904	2022-11-09 19:26:10
Tensorflow numgrad 314	3218.427904	2022-11-09 19:26:10
Tensorflow numgrad 315	3218.427904	2022-11-09 19:26:10
Tensorflow numgrad 316	3218.427904	2022-11-09 19:26:10
Tensorflow numgrad 317	3218.427904	2022-11-09 19:26:10
Tensorflow numgrad 318	3218.427904	2022-11-09 19:26:11
Tensorflow numgrad 319	3218.427904	2022-11-09 19:26:11
Tensorflow numgrad 32	3218.427904	2022-11-09 19:26:11
Tensorflow numgrad 320	3218.427904	2022-11-09 19:26:11
Tensorflow numgrad 321	3218.427904	2022-11-09 19:26:11
Tensorflow numgrad 322	3218.427904	2022-11-09 19:26:11
Tensorflow numgrad 323	3218.427904	2022-11-09 19:26:11
Tensorflow numgrad 324	3218.427904	2022-11-09 19:26:11
Tensorflow numgrad 325	3218.427904	2022-11-09 19:26:11
Tensorflow numgrad 326	3218.427904	2022-11-09 19:26:11
Tensorflow numgrad 327	3218.427904	2022-11-09 19:26:11
Tensorflow numgrad 328	3218.427904	2022-11-09 19:26:12
Tensorflow numgrad 329	3218.427904	2022-11-09 19:26:12
Tensorflow numgrad 33	3218.427904	2022-11-09 19:26:12
Tensorflow numgrad 330	3218.427904	2022-11-09 19:26:12
Tensorflow numgrad 331	3218.427904	2022-11-09 19:26:12
Tensorflow numgrad 332	3218.427904	2022-11-09 19:26:12
Tensorflow numgrad 333	3218.427904	2022-11-09 19:26:12
Tensorflow numgrad 334	3218.427904	2022-11-09 19:26:12
Tensorflow numgrad 335	3218.427904	2022-11-09 19:26:12
Tensorflow numgrad 336	3218.427904	2022-11-09 19:26:12
Tensorflow numgrad 337	3218.427904	2022-11-09 19:26:12
Tensorflow numgrad 34	3218.427904	2022-11-09 19:26:12
Tensorflow numgrad 35	3218.427904	2022-11-09 19:26:13
Tensorflow numgrad 36	3218.427904	2022-11-09 19:26:13
Tensorflow numgrad 37	3218.427904	2022-11-09 19:26:13
Tensorflow numgrad 38	3218.427904	2022-11-09 19:26:13
Tensorflow numgrad 39	3218.427904	2022-11-09 19:26:13
Tensorflow numgrad 4	3218.427904	2022-11-09 19:26:13
Tensorflow numgrad 4-Aminobenzoatepara-aminoBenzoicacidConsumptionimport	3218.427904	2022-11-09 19:26:13
Tensorflow numgrad 4-AminobutyrateGABAConsumptionimport	3218.427904	2022-11-09 19:26:13
Tensorflow numgrad 4-AminobutyrateGABAProductionexport	3218.427904	2022-11-09 19:26:13
Tensorflow numgrad 40	3218.427904	2022-11-09 19:26:13
Tensorflow numgrad 41	3218.427904	2022-11-09 19:26:13
Tensorflow numgrad 42	3218.427904	2022-11-09 19:26:13
Tensorflow numgrad 43	3218.427904	2022-11-09 19:26:14
Tensorflow numgrad 44	3218.427904	2022-11-09 19:26:14
Tensorflow numgrad 45	3218.427904	2022-11-09 19:26:14
Tensorflow numgrad 46	3218.427904	2022-11-09 19:26:14
Tensorflow numgrad 47	3218.427904	2022-11-09 19:26:14
Tensorflow numgrad 48	3218.427904	2022-11-09 19:26:14
Tensorflow numgrad 49	3218.427904	2022-11-09 19:26:14
Tensorflow numgrad 5	3218.427904	2022-11-09 19:26:14
Tensorflow numgrad 5-AminovalerateProductionexport	3218.427904	2022-11-09 19:26:14
Tensorflow numgrad 50	3218.427904	2022-11-09 19:26:14
Tensorflow numgrad 51	3218.427904	2022-11-09 19:26:14
Tensorflow numgrad 52	3218.427904	2022-11-09 19:26:14
Tensorflow numgrad 53	3218.427904	2022-11-09 19:26:15
Tensorflow numgrad 54	3218.427904	2022-11-09 19:26:15
Tensorflow numgrad 55	3218.427904	2022-11-09 19:26:15
Tensorflow numgrad 56	3218.427904	2022-11-09 19:26:15
Tensorflow numgrad 57	3218.427904	2022-11-09 19:26:15
Tensorflow numgrad 58	3218.427904	2022-11-09 19:26:15
Tensorflow numgrad 59	3218.427904	2022-11-09 19:26:15
Tensorflow numgrad 6	3218.427904	2022-11-09 19:26:15
Tensorflow numgrad 60	3218.427904	2022-11-09 19:26:15
Tensorflow numgrad 61	3218.427904	2022-11-09 19:26:15
Tensorflow numgrad 62	3218.427904	2022-11-09 19:26:15
Tensorflow numgrad 63	3218.427904	2022-11-09 19:26:15
Tensorflow numgrad 64	3218.427904	2022-11-09 19:26:16
Tensorflow numgrad 65	3218.427904	2022-11-09 19:26:16
Tensorflow numgrad 66	3218.427904	2022-11-09 19:26:16
Tensorflow numgrad 67	3218.427904	2022-11-09 19:26:16
Tensorflow numgrad 68	3218.427904	2022-11-09 19:26:16
Tensorflow numgrad 69	3218.427904	2022-11-09 19:26:16
Tensorflow numgrad 7	3218.427904	2022-11-09 19:26:16
Tensorflow numgrad 70	3218.427904	2022-11-09 19:26:16
Tensorflow numgrad 71	3218.427904	2022-11-09 19:26:16
Tensorflow numgrad 72	3218.427904	2022-11-09 19:26:16
Tensorflow numgrad 73	3218.427904	2022-11-09 19:26:16
Tensorflow numgrad 74	3218.427904	2022-11-09 19:26:16
Tensorflow numgrad 75	3218.427904	2022-11-09 19:26:17
Tensorflow numgrad 76	3218.427904	2022-11-09 19:26:17
Tensorflow numgrad 77	3218.427904	2022-11-09 19:26:17
Tensorflow numgrad 78	3218.427904	2022-11-09 19:26:17
Tensorflow numgrad 79	3218.427904	2022-11-09 19:26:17
Tensorflow numgrad 8	3218.427904	2022-11-09 19:26:17
Tensorflow numgrad 80	3218.427904	2022-11-09 19:26:17
Tensorflow numgrad 81	3218.427904	2022-11-09 19:26:17
Tensorflow numgrad 82	3218.427904	2022-11-09 19:26:17
Tensorflow numgrad 83	3218.427904	2022-11-09 19:26:17
Tensorflow numgrad 84	3218.427904	2022-11-09 19:26:17
Tensorflow numgrad 85	3218.427904	2022-11-09 19:26:18
Tensorflow numgrad 86	3218.427904	2022-11-09 19:26:18
Tensorflow numgrad 87	3218.427904	2022-11-09 19:26:18
Tensorflow numgrad 88	3218.427904	2022-11-09 19:26:18
Tensorflow numgrad 89	3218.427904	2022-11-09 19:26:18
Tensorflow numgrad 9	3218.427904	2022-11-09 19:26:18
Tensorflow numgrad 90	3218.427904	2022-11-09 19:26:18
Tensorflow numgrad 91	3218.427904	2022-11-09 19:26:18
Tensorflow numgrad 92	3218.427904	2022-11-09 19:26:18
Tensorflow numgrad 93	3218.427904	2022-11-09 19:26:18
Tensorflow numgrad 94	3218.427904	2022-11-09 19:26:18
Tensorflow numgrad 95	3218.427904	2022-11-09 19:26:18
Tensorflow numgrad 96	3218.427904	2022-11-09 19:26:19
Tensorflow numgrad 97	3218.427904	2022-11-09 19:26:19
Tensorflow numgrad 98	3218.427904	2022-11-09 19:26:19
Tensorflow numgrad 99	3218.427904	2022-11-09 19:26:19
Tensorflow numgrad AcetateConsumptionimport	3218.427904	2022-11-09 19:26:19
Tensorflow numgrad AcetateConsumptionimportproductionexport	3218.427904	2022-11-09 19:26:19
Tensorflow numgrad AcetateProductionexport	3218.427904	2022-11-09 19:26:19
Tensorflow numgrad Acetoin3-hydroxybutanoneacetylmethylcarbinolR-AcetoinConsumptionimport	3218.427904	2022-11-09 19:26:19
Tensorflow numgrad AcetoneProductionexport	3218.427904	2022-11-09 19:26:19
Tensorflow numgrad AdenosylcobalaminVitaminB12CobamidecoenzymeCobIIalaminVitaminB12rCobIalaminVitaminB12sAquacobalaminCobalaminIIIConsumptionimport	3218.427904	2022-11-09 19:26:19
Tensorflow numgrad AdenosylcobalaminVitaminB12CobamidecoenzymeCobIIalaminVitaminB12rCobIalaminVitaminB12sAquacobalaminCobalaminIIIConsumptionimportproductionexport	3218.427904	2022-11-09 19:26:19
Tensorflow numgrad AdenosylcobalaminVitaminB12CobamidecoenzymeCobIIalaminVitaminB12rCobIalaminVitaminB12sAquacobalaminCobalaminIIIProductionexport	3218.427904	2022-11-09 19:26:19
Tensorflow numgrad AdipateConsumptionimport	3218.427904	2022-11-09 19:26:20
Tensorflow numgrad AlginateMacromoleculedegradation	3218.427904	2022-11-09 19:26:20
Tensorflow numgrad ArabinogalactanMacromoleculedegradation	3218.427904	2022-11-09 19:26:20
Tensorflow numgrad AscorbicacidVitaminCL-AscorbateAscorbateProductionexport	3218.427904	2022-11-09 19:26:20
Tensorflow numgrad BenzaldehydeConsumptionimport	3218.427904	2022-11-09 19:26:20
Tensorflow numgrad BenzoateConsumptionimport	3218.427904	2022-11-09 19:26:20
Tensorflow numgrad BenzylalcoholConsumptionimport	3218.427904	2022-11-09 19:26:20
Tensorflow numgrad BetaineGlycinebetaineConsumptionimport	3218.427904	2022-11-09 19:26:20
Tensorflow numgrad BicarbonateHCO3-H2CO3CarbonicacidCarbonateConsumptionimport	3218.427904	2022-11-09 19:26:20
Tensorflow numgrad BiotinVitaminB7Consumptionimport	3218.427904	2022-11-09 19:26:20
Tensorflow numgrad BiotinVitaminB7Productionexport	3218.427904	2022-11-09 19:26:20
Tensorflow numgrad ButanolConsumptionimport	3218.427904	2022-11-09 19:26:20
Tensorflow numgrad ButanolProductionexport	3218.427904	2022-11-09 19:26:21
Tensorflow numgrad ButylamineProductionexport	3218.427904	2022-11-09 19:26:21
Tensorflow numgrad ButyrateConsumptionimport	3218.427904	2022-11-09 19:26:21
Tensorflow numgrad ButyrateProductionexport	3218.427904	2022-11-09 19:26:21
Tensorflow numgrad CO2Consumptionimport	3218.427904	2022-11-09 19:26:21
Tensorflow numgrad CO2Consumptionimportproductionexport	3218.427904	2022-11-09 19:26:21
Tensorflow numgrad CO2Productionexport	3218.427904	2022-11-09 19:26:21
Tensorflow numgrad CadaverineProductionexport	3218.427904	2022-11-09 19:26:21
Tensorflow numgrad CaproateHexanoateConsumptionimport	3218.427904	2022-11-09 19:26:21
Tensorflow numgrad CaproateHexanoateProductionexport	3218.427904	2022-11-09 19:26:21
Tensorflow numgrad CarbonmonoxideCOConsumptionimport	3218.427904	2022-11-09 19:26:21
Tensorflow numgrad CellobioseConsumptionimport	3218.427904	2022-11-09 19:26:21
Tensorflow numgrad CellotetraoseCellohexaoseCellopentaoseCellotrioseConsumptionimport	3218.427904	2022-11-09 19:26:22
Tensorflow numgrad CelluloseBeta-D-glucanMacromoleculedegradation	3218.427904	2022-11-09 19:26:22
Tensorflow numgrad ChenodeoxycholicacidChenodeoxycholateConsumptionimport	3218.427904	2022-11-09 19:26:22
Tensorflow numgrad ChenodeoxycholicacidChenodeoxycholateConsumptionimportproductionexport	3218.427904	2022-11-09 19:26:22
Tensorflow numgrad ChenodeoxycholicacidChenodeoxycholateProductionexport	3218.427904	2022-11-09 19:26:22
Tensorflow numgrad ChitinMacromoleculedegradation	3218.427904	2022-11-09 19:26:22
Tensorflow numgrad CholicacidCholateConsumptionimport	3218.427904	2022-11-09 19:26:22
Tensorflow numgrad CholicacidCholateConsumptionimportproductionexport	3218.427904	2022-11-09 19:26:22
Tensorflow numgrad CholicacidCholateProductionexport	3218.427904	2022-11-09 19:26:22
Tensorflow numgrad CholineConsumptionimport	3218.427904	2022-11-09 19:26:22
Tensorflow numgrad Chondroitin4-sulfateChondroitin6-sulfateMacromoleculedegradation	3218.427904	2022-11-09 19:26:22
Tensorflow numgrad CitrateConsumptionimport	3218.427904	2022-11-09 19:26:22
Tensorflow numgrad Crotonate2-Butenoate2-ButenoicacidCrotonicacid3-MethylacrylicacidConsumptionimport	3218.427904	2022-11-09 19:26:23
Tensorflow numgrad D-ArabinoseL-ArabinoseArabinoseL-ArabinopyranoseL-ArabinofuranoseConsumptionimport	3218.427904	2022-11-09 19:26:23
Tensorflow numgrad D-FructoseFructoseConsumptionimport	3218.427904	2022-11-09 19:26:23
Tensorflow numgrad D-FructuronateConsumptionimport	3218.427904	2022-11-09 19:26:23
Tensorflow numgrad D-GalactosamineGalactosamineConsumptionimport	3218.427904	2022-11-09 19:26:23
Tensorflow numgrad D-GalactoseConsumptionimport	3218.427904	2022-11-09 19:26:23
Tensorflow numgrad D-GalacturonateConsumptionimport	3218.427904	2022-11-09 19:26:23
Tensorflow numgrad D-GluconateD-GluconicacidGluconateConsumptionimport	3218.427904	2022-11-09 19:26:23
Tensorflow numgrad D-GlucosamineGlucosamineConsumptionimport	3218.427904	2022-11-09 19:26:23
Tensorflow numgrad D-GlucoseGlucoseConsumptionimport	3218.427904	2022-11-09 19:26:23
Tensorflow numgrad D-GlucuronicacidD-GlucuronateConsumptionimport	3218.427904	2022-11-09 19:26:23
Tensorflow numgrad D-LyxoseL-LyxoseConsumptionimport	3218.427904	2022-11-09 19:26:23
Tensorflow numgrad D-MannitolMannitolConsumptionimport	3218.427904	2022-11-09 19:26:24
Tensorflow numgrad D-MannoseMannoseConsumptionimport	3218.427904	2022-11-09 19:26:24
Tensorflow numgrad D-PsicoseConsumptionimport	3218.427904	2022-11-09 19:26:24
Tensorflow numgrad D-RiboseRiboseConsumptionimport	3218.427904	2022-11-09 19:26:24
Tensorflow numgrad D-SorbitolD-GlucitolSorbitolGlucitolL-SorbitolSorbitolConsumptionimport	3218.427904	2022-11-09 19:26:24
Tensorflow numgrad D-TagatoseConsumptionimport	3218.427904	2022-11-09 19:26:24
Tensorflow numgrad D-TagaturonateConsumptionimport	3218.427904	2022-11-09 19:26:24
Tensorflow numgrad D-TuranoseConsumptionimport	3218.427904	2022-11-09 19:26:24
Tensorflow numgrad D-XyloseXyloseConsumptionimport	3218.427904	2022-11-09 19:26:24
Tensorflow numgrad DNARNAPolynucleotideMacromoleculedegradation	3218.427904	2022-11-09 19:26:24
Tensorflow numgrad DeoxycholicacidProductionexport	3218.427904	2022-11-09 19:26:24
Tensorflow numgrad DextrinMaltotrioseMaltodextrinMaltohexaoseMaltotetraoseMaltooligosaccharideConsumptionimport	3218.427904	2022-11-09 19:26:25
Tensorflow numgrad DimethylamineConsumptionimport	3218.427904	2022-11-09 19:26:25
Tensorflow numgrad DimethylamineProductionexport	3218.427904	2022-11-09 19:26:25
Tensorflow numgrad DimethylsulfideMethylsulfideConsumptionimport	3218.427904	2022-11-09 19:26:25
Tensorflow numgrad DodecanoateLauricacidLaureateConsumptionimport	3218.427904	2022-11-09 19:26:25
Tensorflow numgrad EthanolConsumptionimport	3218.427904	2022-11-09 19:26:25
Tensorflow numgrad EthanolConsumptionimportproductionexport	3218.427904	2022-11-09 19:26:25
Tensorflow numgrad EthanolProductionexport	3218.427904	2022-11-09 19:26:25
Tensorflow numgrad EthanolaminePhosphatidylethanolamineConsumptionimport	3218.427904	2022-11-09 19:26:25
Tensorflow numgrad FOSFructooligosaccharideConsumptionimport	3218.427904	2022-11-09 19:26:25
Tensorflow numgrad FolicacidFolateVitaminB9Consumptionimport	3218.427904	2022-11-09 19:26:25
Tensorflow numgrad FolicacidFolateVitaminB9Consumptionimportproductionexport	3218.427904	2022-11-09 19:26:25
Tensorflow numgrad FolicacidFolateVitaminB9Productionexport	3218.427904	2022-11-09 19:26:26
Tensorflow numgrad FormaldehydeConsumptionimport	3218.427904	2022-11-09 19:26:26
Tensorflow numgrad FormaldehydeProductionexport	3218.427904	2022-11-09 19:26:26
Tensorflow numgrad FormateConsumptionimport	3218.427904	2022-11-09 19:26:26
Tensorflow numgrad FormateConsumptionimportproductionexport	3218.427904	2022-11-09 19:26:26
Tensorflow numgrad FormateProductionexport	3218.427904	2022-11-09 19:26:26
Tensorflow numgrad FructanInulinLevanMacromoleculedegradation	3218.427904	2022-11-09 19:26:26
Tensorflow numgrad GalactanMacromoleculedegradation	3218.427904	2022-11-09 19:26:26
Tensorflow numgrad GalactitolDulcitolConsumptionimport	3218.427904	2022-11-09 19:26:26
Tensorflow numgrad GlycerolConsumptionimport	3218.427904	2022-11-09 19:26:26
Tensorflow numgrad GlycochenodeoxycholateConsumptionimport	3218.427904	2022-11-09 19:26:26
Tensorflow numgrad GlycocholateConsumptionimport	3218.427904	2022-11-09 19:26:26
Tensorflow numgrad GlycodeoxycholateConsumptionimport	3218.427904	2022-11-09 19:26:27
Tensorflow numgrad GlycolateConsumptionimport	3218.427904	2022-11-09 19:26:27
Tensorflow numgrad GlycolithocholateConsumptionimport	3218.427904	2022-11-09 19:26:27
Tensorflow numgrad GlyoxylateGlyoxylicacidGlyoxalateConsumptionimport	3218.427904	2022-11-09 19:26:27
Tensorflow numgrad H2HydrogenConsumptionimport	3218.427904	2022-11-09 19:26:27
Tensorflow numgrad H2HydrogenConsumptionimportproductionexport	3218.427904	2022-11-09 19:26:27
Tensorflow numgrad H2HydrogenProductionexport	3218.427904	2022-11-09 19:26:27
Tensorflow numgrad H2O2Productionexport	3218.427904	2022-11-09 19:26:27
Tensorflow numgrad H2SHS-Consumptionimport	3218.427904	2022-11-09 19:26:27
Tensorflow numgrad H2SHS-Productionexport	3218.427904	2022-11-09 19:26:27
Tensorflow numgrad HemicelluloseMacromoleculedegradation	3218.427904	2022-11-09 19:26:27
Tensorflow numgrad HistamineProductionexport	3218.427904	2022-11-09 19:26:27
Tensorflow numgrad HyaluronanHyaluronateHyaluronicacidMacromoleculedegradation	3218.427904	2022-11-09 19:26:28
Tensorflow numgrad Indole-3-acetateIndoleacetateConsumptionimportproductionexport	3218.427904	2022-11-09 19:26:28
Tensorflow numgrad Indole-3-acetateIndoleacetateProductionexport	3218.427904	2022-11-09 19:26:28
Tensorflow numgrad IndoleConsumptionimport	3218.427904	2022-11-09 19:26:28
Tensorflow numgrad IndoleProductionexport	3218.427904	2022-11-09 19:26:28
Tensorflow numgrad Inositolmyo-InositolInositol1-phosphateMyo-inositolphosphateConsumptionimport	3218.427904	2022-11-09 19:26:28
Tensorflow numgrad Isobutyrate2-MethylpropanoicacidConsumptionimport	3218.427904	2022-11-09 19:26:28
Tensorflow numgrad Isobutyrate2-MethylpropanoicacidProductionexport	3218.427904	2022-11-09 19:26:28
Tensorflow numgrad IsomaltoseConsumptionimport	3218.427904	2022-11-09 19:26:28
Tensorflow numgrad Isopropanol2-PropanolProductionexport	3218.427904	2022-11-09 19:26:28
Tensorflow numgrad Isovalerate3-MethylbutanoicacidConsumptionimport	3218.427904	2022-11-09 19:26:28
Tensorflow numgrad Isovalerate3-MethylbutanoicacidProductionexport	3218.427904	2022-11-09 19:26:28
Tensorflow numgrad L-AlanineD-AlanineAlanineConsumptionimport	3218.427904	2022-11-09 19:26:29
Tensorflow numgrad L-ArabitolL-ArabinitolD-ArabitolConsumptionimport	3218.427904	2022-11-09 19:26:29
Tensorflow numgrad L-ArginineArginineConsumptionimport	3218.427904	2022-11-09 19:26:29
Tensorflow numgrad L-ArginineArginineProductionexport	3218.427904	2022-11-09 19:26:29
Tensorflow numgrad L-AsparagineAsparagineConsumptionimport	3218.427904	2022-11-09 19:26:29
Tensorflow numgrad L-AspartateAspartateD-AspartateConsumptionimport	3218.427904	2022-11-09 19:26:29
Tensorflow numgrad L-AspartateAspartateD-AspartateProductionexport	3218.427904	2022-11-09 19:26:29
Tensorflow numgrad L-CysteineCysteineD-CysteineConsumptionimport	3218.427904	2022-11-09 19:26:29
Tensorflow numgrad L-FucoseConsumptionimport	3218.427904	2022-11-09 19:26:29
Tensorflow numgrad L-GlutamateL-GlutamicacidGlutamateD-GlutamateConsumptionimport	3218.427904	2022-11-09 19:26:29
Tensorflow numgrad L-GlutamateL-GlutamicacidGlutamateD-GlutamateProductionexport	3218.427904	2022-11-09 19:26:29
Tensorflow numgrad L-GlutamineD-GlutamineGlutamineConsumptionimport	3218.427904	2022-11-09 19:26:29
Tensorflow numgrad L-GlycineGlycineConsumptionimport	3218.427904	2022-11-09 19:26:30
Tensorflow numgrad L-HistidineHistidineConsumptionimport	3218.427904	2022-11-09 19:26:30
Tensorflow numgrad L-IdonateConsumptionimport	3218.427904	2022-11-09 19:26:30
Tensorflow numgrad L-IsoleucineIsoleucineConsumptionimport	3218.427904	2022-11-09 19:26:30
Tensorflow numgrad L-LactateS-LactateLactateD-LactateR-LactateConsumptionimport	3218.427904	2022-11-09 19:26:30
Tensorflow numgrad L-LactateS-LactateLactateD-LactateR-LactateConsumptionimportproductionexport	3218.427904	2022-11-09 19:26:30
Tensorflow numgrad L-LactateS-LactateLactateD-LactateR-LactateProductionexport	3218.427904	2022-11-09 19:26:30
Tensorflow numgrad L-LeucineLeucineConsumptionimport	3218.427904	2022-11-09 19:26:30
Tensorflow numgrad L-LeucineLeucineProductionexport	3218.427904	2022-11-09 19:26:30
Tensorflow numgrad L-LysineLysineD-LysineConsumptionimport	3218.427904	2022-11-09 19:26:30
Tensorflow numgrad L-LysineLysineD-LysineProductionexport	3218.427904	2022-11-09 19:26:30
Tensorflow numgrad L-MalateS-MalateL-MalicacidMalateD-MalateR-MalateConsumptionimport	3218.427904	2022-11-09 19:26:31
Tensorflow numgrad L-MalateS-MalateL-MalicacidMalateD-MalateR-MalateProductionexport	3218.427904	2022-11-09 19:26:31
Tensorflow numgrad L-MethionineD-MethionineConsumptionimport	3218.427904	2022-11-09 19:26:31
Tensorflow numgrad L-MethionineD-MethionineProductionexport	3218.427904	2022-11-09 19:26:31
Tensorflow numgrad L-OrnithineOrnithineProductionexport	3218.427904	2022-11-09 19:26:31
Tensorflow numgrad L-PhenylalaninePhenylalanineD-PhenylalanineConsumptionimport	3218.427904	2022-11-09 19:26:31
Tensorflow numgrad L-ProlineProlineD-ProlineConsumptionimport	3218.427904	2022-11-09 19:26:31
Tensorflow numgrad L-RhamnoseRhamnoseD-RhamnoseConsumptionimport	3218.427904	2022-11-09 19:26:31
Tensorflow numgrad L-SerineSerineD-SerineConsumptionimport	3218.427904	2022-11-09 19:26:31
Tensorflow numgrad L-SorboseSorboseConsumptionimport	3218.427904	2022-11-09 19:26:31
Tensorflow numgrad L-ThreonineThreonineConsumptionimport	3218.427904	2022-11-09 19:26:31
Tensorflow numgrad L-ThreonineThreonineProductionexport	3218.427904	2022-11-09 19:26:31
Tensorflow numgrad L-TryptophanTryptophanConsumptionimport	3218.427904	2022-11-09 19:26:32
Tensorflow numgrad L-TryptophanTryptophanConsumptionimportproductionexport	3218.427904	2022-11-09 19:26:32
Tensorflow numgrad L-TyrosineTyrosineConsumptionimport	3218.427904	2022-11-09 19:26:32
Tensorflow numgrad L-ValineValineD-ValineConsumptionimport	3218.427904	2022-11-09 19:26:32
Tensorflow numgrad LactoseConsumptionimport	3218.427904	2022-11-09 19:26:32
Tensorflow numgrad LinoleicacidOmega-6fattyacidConsumptionimport	3218.427904	2022-11-09 19:26:32
Tensorflow numgrad LinoleicacidOmega-6fattyacidProductionexport	3218.427904	2022-11-09 19:26:32
Tensorflow numgrad LithocholicacidProductionexport	3218.427904	2022-11-09 19:26:32
Tensorflow numgrad MaltoseConsumptionimport	3218.427904	2022-11-09 19:26:32
Tensorflow numgrad MelibioseConsumptionimport	3218.427904	2022-11-09 19:26:32
Tensorflow numgrad MenaquinoneVitaminK2Consumptionimport	3218.427904	2022-11-09 19:26:32
Tensorflow numgrad MenaquinoneVitaminK2Productionexport	3218.427904	2022-11-09 19:26:32
Tensorflow numgrad MethaneCH4Consumptionimport	3218.427904	2022-11-09 19:26:33
Tensorflow numgrad MethaneCH4Productionexport	3218.427904	2022-11-09 19:26:33
Tensorflow numgrad MethanolConsumptionimport	3218.427904	2022-11-09 19:26:33
Tensorflow numgrad MethanolProductionexport	3218.427904	2022-11-09 19:26:33
Tensorflow numgrad MethylamineMonomethylamineConsumptionimport	3218.427904	2022-11-09 19:26:33
Tensorflow numgrad MethylamineMonomethylamineProductionexport	3218.427904	2022-11-09 19:26:33
Tensorflow numgrad Mn2ManganeseConsumptionimport	3218.427904	2022-11-09 19:26:33
Tensorflow numgrad MucinMucusGlycoproteinMacromoleculedegradation	3218.427904	2022-11-09 19:26:33
Tensorflow numgrad MyristicacidTetradecanoicacidTetradecanoateConsumptionimport	3218.427904	2022-11-09 19:26:33
Tensorflow numgrad N-Acetyl-D-GlucosamineN-AcetylglucosamineConsumptionimport	3218.427904	2022-11-09 19:26:33
Tensorflow numgrad N-AcetylgalactosamineN-Acetyl-D-galactosamineConsumptionimport	3218.427904	2022-11-09 19:26:33
Tensorflow numgrad N-AcetylneuraminicacidN-acetylneuraminateNeu5AcSialicacidConsumptionimport	3218.427904	2022-11-09 19:26:33
Tensorflow numgrad N2Consumptionimport	3218.427904	2022-11-09 19:26:34
Tensorflow numgrad N2Productionexport	3218.427904	2022-11-09 19:26:34
Tensorflow numgrad NH3AmmoniaNH4AmmoniumConsumptionimport	3218.427904	2022-11-09 19:26:34
Tensorflow numgrad NH3AmmoniaNH4AmmoniumConsumptionimportproductionexport	3218.427904	2022-11-09 19:26:34
Tensorflow numgrad NH3AmmoniaNH4AmmoniumProductionexport	3218.427904	2022-11-09 19:26:34
Tensorflow numgrad NiacinVitaminB3NicotinicacidNicotinateNicotinamideVitaminB3Consumptionimport	3218.427904	2022-11-09 19:26:34
Tensorflow numgrad NiacinVitaminB3NicotinicacidNicotinateNicotinamideVitaminB3Consumptionimportproductionexport	3218.427904	2022-11-09 19:26:34
Tensorflow numgrad NitrateConsumptionimport	3218.427904	2022-11-09 19:26:34
Tensorflow numgrad NitrateProductionexport	3218.427904	2022-11-09 19:26:34
Tensorflow numgrad NitricOxideNOProductionexport	3218.427904	2022-11-09 19:26:34
Tensorflow numgrad NitriteConsumptionimport	3218.427904	2022-11-09 19:26:34
Tensorflow numgrad Oleicacid9Z-OctadecenoicacidConsumptionimport	3218.427904	2022-11-09 19:26:34
Tensorflow numgrad OxalateConsumptionimport	3218.427904	2022-11-09 19:26:35
Tensorflow numgrad OxaloacetateConsumptionimport	3218.427904	2022-11-09 19:26:35
Tensorflow numgrad PalmitatePalmiticacidHexadecanoicacidHexadecanoateConsumptionimport	3218.427904	2022-11-09 19:26:35
Tensorflow numgrad PantothenicacidVitaminB5PantothenateConsumptionimport	3218.427904	2022-11-09 19:26:35
Tensorflow numgrad PectinMacromoleculedegradation	3218.427904	2022-11-09 19:26:35
Tensorflow numgrad PelargonicacidPelargonateNonanoicacidConsumptionimport	3218.427904	2022-11-09 19:26:35
Tensorflow numgrad PentanolProductionexport	3218.427904	2022-11-09 19:26:35
Tensorflow numgrad PhenolConsumptionimport	3218.427904	2022-11-09 19:26:35
Tensorflow numgrad PhenylacetateConsumptionimport	3218.427904	2022-11-09 19:26:35
Tensorflow numgrad PhenylacetateProductionexport	3218.427904	2022-11-09 19:26:35
Tensorflow numgrad PhenylethylamineProductionexport	3218.427904	2022-11-09 19:26:35
Tensorflow numgrad PimelateConsumptionimport	3218.427904	2022-11-09 19:26:35
Tensorflow numgrad PolypeptideMacromoleculedegradation	3218.427904	2022-11-09 19:26:36
Tensorflow numgrad PropanalProductionexport	3218.427904	2022-11-09 19:26:36
Tensorflow numgrad PropanoatePropionateConsumptionimport	3218.427904	2022-11-09 19:26:36
Tensorflow numgrad PropanoatePropionateConsumptionimportproductionexport	3218.427904	2022-11-09 19:26:36
Tensorflow numgrad PropanoatePropionateProductionexport	3218.427904	2022-11-09 19:26:36
Tensorflow numgrad Propanoln-propanol1-PropanolConsumptionimport	3218.427904	2022-11-09 19:26:36
Tensorflow numgrad Propanoln-propanol1-PropanolProductionexport	3218.427904	2022-11-09 19:26:36
Tensorflow numgrad PutrescineConsumptionimport	3218.427904	2022-11-09 19:26:36
Tensorflow numgrad PutrescineProductionexport	3218.427904	2022-11-09 19:26:36
Tensorflow numgrad PyridoxalVitaminB6PyridoxinePyridoxamineVitaminB6Consumptionimport	3218.427904	2022-11-09 19:26:36
Tensorflow numgrad PyridoxalVitaminB6PyridoxinePyridoxamineVitaminB6Productionexport	3218.427904	2022-11-09 19:26:36
Tensorflow numgrad PyruvateConsumptionimport	3218.427904	2022-11-09 19:26:37
Tensorflow numgrad PyruvateProductionexport	3218.427904	2022-11-09 19:26:37
Tensorflow numgrad RR-23-ButanediolRR-ButanediolSS-23-ButanediolSS-ButanediolConsumptionimport	3218.427904	2022-11-09 19:26:37
Tensorflow numgrad RR-23-ButanediolRR-ButanediolSS-23-ButanediolSS-ButanediolConsumptionimportproductionexport	3218.427904	2022-11-09 19:26:37
Tensorflow numgrad RR-23-ButanediolRR-ButanediolSS-23-ButanediolSS-ButanediolProductionexport	3218.427904	2022-11-09 19:26:37
Tensorflow numgrad RaffinoseConsumptionimport	3218.427904	2022-11-09 19:26:37
Tensorflow numgrad RiboflavinVitaminB2Consumptionimport	3218.427904	2022-11-09 19:26:37
Tensorflow numgrad RiboflavinVitaminB2Consumptionimportproductionexport	3218.427904	2022-11-09 19:26:37
Tensorflow numgrad RiboflavinVitaminB2Productionexport	3218.427904	2022-11-09 19:26:37
Tensorflow numgrad ShikimateConsumptionimport	3218.427904	2022-11-09 19:26:37
Tensorflow numgrad SpermidineConsumptionimportproductionexport	3218.427904	2022-11-09 19:26:37
Tensorflow numgrad SpermidineProductionexport	3218.427904	2022-11-09 19:26:37
Tensorflow numgrad SpermineProductionexport	3218.427904	2022-11-09 19:26:38
Tensorflow numgrad StachyoseConsumptionimport	3218.427904	2022-11-09 19:26:38
Tensorflow numgrad StarchAmylopectinAmylose14-alpha-D-GlucanPullulanResistantstarchMacromoleculedegradation	3218.427904	2022-11-09 19:26:38
Tensorflow numgrad StearicacidStearateOctadecanoateConsumptionimport	3218.427904	2022-11-09 19:26:38
Tensorflow numgrad StearicacidStearateOctadecanoateProductionexport	3218.427904	2022-11-09 19:26:38
Tensorflow numgrad SuccinateConsumptionimport	3218.427904	2022-11-09 19:26:38
Tensorflow numgrad SuccinateConsumptionimportproductionexport	3218.427904	2022-11-09 19:26:38
Tensorflow numgrad SuccinateProductionexport	3218.427904	2022-11-09 19:26:38
Tensorflow numgrad SucroseConsumptionimport	3218.427904	2022-11-09 19:26:38
Tensorflow numgrad SulfateSulfuricacidConsumptionimport	3218.427904	2022-11-09 19:26:38
Tensorflow numgrad SulfateSulfuricacidProductionexport	3218.427904	2022-11-09 19:26:38
Tensorflow numgrad SulfurElementalsulfurConsumptionimport	3218.427904	2022-11-09 19:26:38
Tensorflow numgrad TaurochenodeoxycholateConsumptionimport	3218.427904	2022-11-09 19:26:39
Tensorflow numgrad TaurocholateConsumptionimport	3218.427904	2022-11-09 19:26:39
Tensorflow numgrad TaurodeoxycholateConsumptionimport	3218.427904	2022-11-09 19:26:39
Tensorflow numgrad TaurolithocholateConsumptionimport	3218.427904	2022-11-09 19:26:39
Tensorflow numgrad ThiamineVitaminB1ThiaminConsumptionimport	3218.427904	2022-11-09 19:26:39
Tensorflow numgrad ThiamineVitaminB1ThiaminConsumptionimportproductionexport	3218.427904	2022-11-09 19:26:39
Tensorflow numgrad ThiamineVitaminB1ThiaminProductionexport	3218.427904	2022-11-09 19:26:39
Tensorflow numgrad ThiosulfateConsumptionimport	3218.427904	2022-11-09 19:26:39
Tensorflow numgrad TolueneConsumptionimport	3218.427904	2022-11-09 19:26:39
Tensorflow numgrad TrehaloseConsumptionimport	3218.427904	2022-11-09 19:26:39
Tensorflow numgrad TriglycerideMacromoleculedegradation	3218.427904	2022-11-09 19:26:39
Tensorflow numgrad TrimethylamineConsumptionimport	3218.427904	2022-11-09 19:26:39
Tensorflow numgrad TrimethylamineN-oxideTrimethylamine-N-oxideProductionexport	3218.427904	2022-11-09 19:26:40
Tensorflow numgrad TrimethylamineProductionexport	3218.427904	2022-11-09 19:26:40
Tensorflow numgrad TryptamineProductionexport	3218.427904	2022-11-09 19:26:40
Tensorflow numgrad TyramineConsumptionimport	3218.427904	2022-11-09 19:26:40
Tensorflow numgrad TyramineProductionexport	3218.427904	2022-11-09 19:26:40
Tensorflow numgrad UreaConsumptionimport	3218.427904	2022-11-09 19:26:40
Tensorflow numgrad UreaProductionexport	3218.427904	2022-11-09 19:26:40
Tensorflow numgrad ValeratePentanoicacidPentanoateConsumptionimport	3218.427904	2022-11-09 19:26:40
Tensorflow numgrad ValeratePentanoicacidPentanoateProductionexport	3218.427904	2022-11-09 19:26:40
Tensorflow numgrad XOSXylooligosaccharideConsumptionimport	3218.427904	2022-11-09 19:26:40
Tensorflow numgrad XylitolConsumptionimport	3218.427904	2022-11-09 19:26:40
Tensorflow numgrad alpha-LinolenicacidOmega-3fattyacidConsumptionimport	3218.427904	2022-11-09 19:26:40
Tensorflow numgrad alpha-ketoglutarate2-oxoglutarateConsumptionimport	3218.427904	2022-11-09 19:26:41
Tensorflow numgrad beta-alanine3-AminopropionateConsumptionimport	3218.427904	2022-11-09 19:26:41
Tensorflow numgrad c__	3218.427904	2022-11-09 19:26:41
Tensorflow numgrad c__Acidimicrobiia	3218.427904	2022-11-09 19:26:41
Tensorflow numgrad c__Acidithiobacillia	3218.427904	2022-11-09 19:26:41
Tensorflow numgrad c__Acidobacteriia	3218.427904	2022-11-09 19:26:41
Tensorflow numgrad c__Actinobacteria	3218.427904	2022-11-09 19:26:41
Tensorflow numgrad c__Alphaproteobacteria	3218.427904	2022-11-09 19:26:41
Tensorflow numgrad c__Anaerolineae	3218.427904	2022-11-09 19:26:41
Tensorflow numgrad c__Aquificae	3218.427904	2022-11-09 19:26:41
Tensorflow numgrad c__Archaeoglobi	3218.427904	2022-11-09 19:26:41
Tensorflow numgrad c__Ardenticatenia	3218.427904	2022-11-09 19:26:41
Tensorflow numgrad c__Bacilli	3218.427904	2022-11-09 19:26:42
Tensorflow numgrad c__Bacteroidia	3218.427904	2022-11-09 19:26:42
Tensorflow numgrad c__Betaproteobacteria	3218.427904	2022-11-09 19:26:42
Tensorflow numgrad c__Blastocatellia	3218.427904	2022-11-09 19:26:42
Tensorflow numgrad c__Caldilineae	3218.427904	2022-11-09 19:26:42
Tensorflow numgrad c__Caldisericia	3218.427904	2022-11-09 19:26:42
Tensorflow numgrad c__Calditrichae	3218.427904	2022-11-09 19:26:42
Tensorflow numgrad c__CandidatusBabeliae	3218.427904	2022-11-09 19:26:42
Tensorflow numgrad c__CandidatusBrocadiae	3218.427904	2022-11-09 19:26:42
Tensorflow numgrad c__CandidatusSaccharimonia	3218.427904	2022-11-09 19:26:42
Tensorflow numgrad c__Chitinophagia	3218.427904	2022-11-09 19:26:42
Tensorflow numgrad c__Chlamydiia	3218.427904	2022-11-09 19:26:43
Tensorflow numgrad c__Chlorobia	3218.427904	2022-11-09 19:26:43
Tensorflow numgrad c__Chloroflexia	3218.427904	2022-11-09 19:26:43
Tensorflow numgrad c__Chrysiogenetes	3218.427904	2022-11-09 19:26:43
Tensorflow numgrad c__Chthonomonadetes	3218.427904	2022-11-09 19:26:43
Tensorflow numgrad c__Clostridia	3218.427904	2022-11-09 19:26:43
Tensorflow numgrad c__Coprothermobacteria	3218.427904	2022-11-09 19:26:43
Tensorflow numgrad c__Coriobacteriia	3218.427904	2022-11-09 19:26:43
Tensorflow numgrad c__Cytophagia	3218.427904	2022-11-09 19:26:43
Tensorflow numgrad c__Deferribacteres	3218.427904	2022-11-09 19:26:43
Tensorflow numgrad c__Dehalococcoidia	3218.427904	2022-11-09 19:26:43
Tensorflow numgrad c__Deinococci	3218.427904	2022-11-09 19:26:43
Tensorflow numgrad c__Deltaproteobacteria	3218.427904	2022-11-09 19:26:44
Tensorflow numgrad c__Dictyoglomia	3218.427904	2022-11-09 19:26:44
Tensorflow numgrad c__Elusimicrobia	3218.427904	2022-11-09 19:26:44
Tensorflow numgrad c__Endomicrobia	3218.427904	2022-11-09 19:26:44
Tensorflow numgrad c__Epsilonproteobacteria	3218.427904	2022-11-09 19:26:44
Tensorflow numgrad c__Erysipelotrichia	3218.427904	2022-11-09 19:26:44
Tensorflow numgrad c__Fibrobacteria	3218.427904	2022-11-09 19:26:44
Tensorflow numgrad c__Fimbriimonadia	3218.427904	2022-11-09 19:26:44
Tensorflow numgrad c__Flavobacteriia	3218.427904	2022-11-09 19:26:44
Tensorflow numgrad c__Fusobacteriia	3218.427904	2022-11-09 19:26:44
Tensorflow numgrad c__Gammaproteobacteria	3218.427904	2022-11-09 19:26:44
Tensorflow numgrad c__Gemmatimonadetes	3218.427904	2022-11-09 19:26:44
Tensorflow numgrad c__Gloeobacteria	3218.427904	2022-11-09 19:26:45
Tensorflow numgrad c__Halobacteria	3218.427904	2022-11-09 19:26:45
Tensorflow numgrad c__Hydrogenophilalia	3218.427904	2022-11-09 19:26:45
Tensorflow numgrad c__Ignavibacteria	3218.427904	2022-11-09 19:26:45
Tensorflow numgrad c__Kiritimatiellae	3218.427904	2022-11-09 19:26:45
Tensorflow numgrad c__Ktedonobacteria	3218.427904	2022-11-09 19:26:45
Tensorflow numgrad c__Limnochordia	3218.427904	2022-11-09 19:26:45
Tensorflow numgrad c__Methanobacteria	3218.427904	2022-11-09 19:26:45
Tensorflow numgrad c__Methanococci	3218.427904	2022-11-09 19:26:45
Tensorflow numgrad c__Methanomicrobia	3218.427904	2022-11-09 19:26:45
Tensorflow numgrad c__Methanopyri	3218.427904	2022-11-09 19:26:45
Tensorflow numgrad c__Methylacidiphilae	3218.427904	2022-11-09 19:26:45
Tensorflow numgrad c__Mollicutes	3218.427904	2022-11-09 19:26:46
Tensorflow numgrad c__Negativicutes	3218.427904	2022-11-09 19:26:46
Tensorflow numgrad c__Nitriliruptoria	3218.427904	2022-11-09 19:26:46
Tensorflow numgrad c__Nitrososphaeria	3218.427904	2022-11-09 19:26:46
Tensorflow numgrad c__Nitrospira	3218.427904	2022-11-09 19:26:46
Tensorflow numgrad c__Oligoflexia	3218.427904	2022-11-09 19:26:46
Tensorflow numgrad c__Opitutae	3218.427904	2022-11-09 19:26:46
Tensorflow numgrad c__Phycisphaerae	3218.427904	2022-11-09 19:26:46
Tensorflow numgrad c__Planctomycetia	3218.427904	2022-11-09 19:26:46
Tensorflow numgrad c__Rubrobacteria	3218.427904	2022-11-09 19:26:46
Tensorflow numgrad c__Saprospiria	3218.427904	2022-11-09 19:26:46
Tensorflow numgrad c__Spartobacteria	3218.427904	2022-11-09 19:26:46
Tensorflow numgrad c__Sphingobacteriia	3218.427904	2022-11-09 19:26:47
Tensorflow numgrad c__Spirochaetia	3218.427904	2022-11-09 19:26:47
Tensorflow numgrad c__Synergistia	3218.427904	2022-11-09 19:26:47
Tensorflow numgrad c__Tepidiformia	3218.427904	2022-11-09 19:26:47
Tensorflow numgrad c__Thermococci	3218.427904	2022-11-09 19:26:47
Tensorflow numgrad c__Thermodesulfobacteria	3218.427904	2022-11-09 19:26:47
Tensorflow numgrad c__Thermoleophilia	3218.427904	2022-11-09 19:26:47
Tensorflow numgrad c__Thermomicrobia	3218.427904	2022-11-09 19:26:47
Tensorflow numgrad c__Thermoplasmata	3218.427904	2022-11-09 19:26:47
Tensorflow numgrad c__Thermoprotei	3218.427904	2022-11-09 19:26:47
Tensorflow numgrad c__Thermotogae	3218.427904	2022-11-09 19:26:47
Tensorflow numgrad c__Tissierellia	3218.427904	2022-11-09 19:26:47
Tensorflow numgrad c__Verrucomicrobiae	3218.427904	2022-11-09 19:26:48
Tensorflow numgrad c__Vicinamibacteria	3218.427904	2022-11-09 19:26:48
Tensorflow numgrad c__Zetaproteobacteria	3218.427904	2022-11-09 19:26:48
Tensorflow numgrad cis-Aconitatetrans-Aconitatetrans-AconiticacidConsumptionimport	3218.427904	2022-11-09 19:26:48
Tensorflow numgrad h0	3218.427904	2022-11-09 19:26:48
Tensorflow numgrad h1	3218.427904	2022-11-09 19:26:48
Tensorflow numgrad h2	3218.427904	2022-11-09 19:26:48
Tensorflow numgrad h3	3218.427904	2022-11-09 19:26:48
Tensorflow numgrad h4	3218.427904	2022-11-09 19:26:48
Tensorflow numgrad h5	3218.427904	2022-11-09 19:26:48
Tensorflow numgrad h6	3218.427904	2022-11-09 19:26:48
Tensorflow numgrad h7	3218.427904	2022-11-09 19:26:49
Tensorflow numgrad h8	3218.427904	2022-11-09 19:26:49
Tensorflow numgrad h9	3218.427904	2022-11-09 19:26:49
Tensorflow numgrad meso-Tartratemeso-TartaricacidTartrateL-tartrateL-TartaricacidConsumptionimport	3218.427904	2022-11-09 19:26:49
Tensorflow numgrad p-Cresol4-methylphenol4-cresolConsumptionimport	3218.427904	2022-11-09 19:26:49
Tensorflow numgrad done	3218.427904	2022-11-09 19:26:49
